Rank,Title,Lifetime Gross,Year,Summary,Release Date,MPAA,Duree,Genres,Langue_origine,Realisateur,Producteurs,scenariste,production
57,the lion king,"$968,511,805",1994,"lion prince simba and his father are targeted by his bitter uncle, who wants to ascend the throne himself.","june 15, 1994 (domestic)",g,1 hr 28 min,adventure animation drama family musical,english,"roger allers, rob minkoff",don hahn,"irene mecchi, jonathan roberts, linda woolverton",walt disney pictures
3,avatar: the way of water,"$2,320,250,281",2022,"jake sully lives with his newfound family formed on the extrasolar moon pandora. once a familiar threat returns to finish what was previously started, jake must work with neytiri and the army of the na'vi race to protect their home.","december 14, 2022 (emea, apac)",pg-13,3 hr 12 min,action adventure fantasy sci-fi,english,james cameron,"james cameron, jon landau","james cameron, rick jaffa, amanda silver","20th century studios, lightstorm entertainment"
6,avengers: infinity war,"$2,052,415,039",2018,the avengers and their allies must be willing to sacrifice all in an attempt to defeat the powerful thanos before his blitz of devastation and ruin puts an end to the universe.,"april 25, 2018 (emea, apac)",pg-13,2 hr 29 min,action adventure sci-fi,english,"anthony russo, joe russo",kevin feige,"christopher markus, stephen mcfeely",marvel studios
2,avengers: endgame,"$2,799,439,100",2019,after the devastating events of,"april 24, 2019 (21 markets)",pg-13,3 hr 1 min,action adventure drama sci-fi,english,"anthony russo, joe russo",kevin feige,"christopher markus, stephen mcfeely","walt disney pictures, marvel studios"
7,spider-man: no way home,"$1,921,847,111",2021,"with spider-man's identity now revealed, peter asks doctor strange for help. when a spell goes wrong, dangerous foes from other worlds start to appear, forcing peter to discover what it truly means to be spider-man.","december 15, 2021 (14 markets)",pg-13,2 hr 28 min,action adventure fantasy sci-fi,,,,,
4,titanic,"$2,264,743,305",1997,"a seventeen-year-old aristocrat falls in love with a kind but poor artist aboard the luxurious, ill-fated r.m.s. titanic.","december 19, 1997 (domestic)",pg-13,3 hr 14 min,drama romance,english,james cameron,"james cameron, jon landau",james cameron,"20th century fox, lightstorm entertainment, paramount pictures"
5,star wars: episode vii - the force awakens,"$2,071,310,218",2015,"as a new threat to the galaxy rises, rey, a desert scavenger, and finn, an ex-stormtrooper, must join han solo and chewbacca to search for the one hope of restoring peace.","december 16, 2015 (emea, apac)",pg-13,2 hr 18 min,action adventure sci-fi,english,j.j. abrams,"kathleen kennedy, j.j. abrams, bryan burk","lawrence kasdan, j.j. abrams, michael arndt","lucasfilm ltd., bad robot"
8,jurassic world,"$1,671,537,444",2015,"a new theme park, built on the original site of jurassic park, creates a genetically modified hybrid dinosaur, the indominus rex, which escapes containment and goes on a killing spree.","june 10, 2015 (9 markets)",pg-13,2 hr 4 min,action adventure sci-fi,english,colin trevorrow,"frank marshall, patrick crowley","rick jaffa, amanda silver, derek connolly, colin trevorrow","amblin entertainment, universal pictures, legendary pictures"
29,aquaman,"$1,152,028,393",2018,"arthur curry, the human-born heir to the underwater kingdom of atlantis, goes on a quest to prevent a war between the worlds of ocean and land.","december 7, 2018 (china)",pg-13,2 hr 23 min,action adventure fantasy sci-fi,english,james wan,"peter safran, rob cowan","david leslie johnson-mcgoldrick, will beall",peter safran
31,spider-man: far from home,"$1,131,927,996",2019,following the events of,"june 28, 2019 (apac, china)",pg-13,2 hr 9 min,action adventure comedy sci-fi,,,,,
28,captain america: civil war,"$1,155,046,416",2016,political involvement in the avengers' affairs causes a rift between captain america and iron man.,"april 27, 2016 (apac, emea)",pg-13,2 hr 27 min,action sci-fi,english,"anthony russo, joe russo",kevin feige,"christopher markus, stephen mcfeely",marvel studios
1,avatar,"$2,923,706,026",2009,a paraplegic marine dispatched to the moon pandora on a unique mission becomes torn between following his orders and protecting the world he feels is his home.,"december 16, 2009 (latam, emea)",pg-13,2 hr 42 min,action adventure fantasy sci-fi,english,james cameron,"james cameron, jon landau",james cameron,"dune, lightstorm entertainment, ingenious film partners"
30,skyfall,"$1,142,471,295",2012,"james bond's loyalty to m is tested when her past comes back to haunt her. when mi6 comes under attack, 007 must track down and destroy the threat, no matter how personal the cost.","october 25, 2012 (apac, emea)",pg-13,2 hr 23 min,action adventure thriller,english,sam mendes,"michael g. wilson, barbara broccoli","neal purvis, robert wade, john logan",eon productions ltd.
27,the lord of the rings: the return of the king,"$1,156,194,180",2003,gandalf and aragorn lead the world of men against sauron's army to draw his gaze from frodo and sam as they approach mount doom with the one ring.,"december 17, 2003 (21 markets)",pg-13,3 hr 21 min,action adventure drama fantasy,english,peter jackson,"barrie m. osborne, fran walsh","peter jackson, philippa boyens, fran walsh","new line cinema, saul zaentz company"
198,mission: impossible - dead reckoning part one,"$567,535,383",2023,ethan hunt and his imf team must track down a dangerous weapon before it falls into the wrong hands.,"july 8, 2023 (vietnam)",pg-13,2 hr 43 min,action adventure thriller,english,christopher mcquarrie,"tom cruise, christopher mcquarrie, leifur b. dagfinnsson","christopher mcquarrie, erik jendresen","tom cruise, skydance media, paramount pictures"
26,minions,"$1,159,444,662",2015,"minions stuart, kevin, and bob are recruited by scarlet overkill, a supervillain who, alongside her inventor husband herb, hatches a plot to take over the world.","april 9, 2015 (türkiye)",pg,1 hr 31 min,adventure animation comedy crime family sci-fi,english,"pierre coffin, kyle balda","christopher meledandri, janet healy",brian lynch,"illumination entertainment, illumination mac guff"
196,the little mermaid,"$569,626,289",2023,a young mermaid makes a deal with a sea witch to trade her beautiful voice for human legs so she can discover the world above water and impress a prince.,"may 4, 2023 (italy)",pg,2 hr 15 min,adventure family fantasy musical romance,english,"masakazu higuchi, chinami namba",,jack olesker,"american film investment ii, golden entertainment"
197,kong: skull island,"$568,652,812",2017,"after the vietnam war, a team of scientists explores an uncharted island in the pacific, venturing into the domain of the mighty kong and must fight to escape a primal eden.","march 8, 2017 (emea, apac)",pg-13,1 hr 58 min,action adventure fantasy sci-fi,english,jordan vogt-roberts,"jon jashni, alex garcia, thomas tull, mary parent","dan gilroy, max borenstein, derek connolly","legendary pictures, tencent pictures"
199,the smurfs,"$563,749,323",2011,"when the evil wizard gargamel chases the tiny blue smurfs out of their village, they tumble from their magical world into new york city.","july 27, 2011 (latam)",pg,1 hr 43 min,adventure animation comedy family fantasy,english,raja gosnell,jordan kerner,"j. david stem, david n. weiss, jay scherick, david ronn",kerner entertainment
193,operation red sea,"$579,330,426",2018,pla navy marine corps launch a hostage rescue operation in the fictional republic of ihwea and undergo a fierce battle with rebellions and terrorism.,"february 16, 2018 (china)",,2 hr 22 min,action drama thriller war,chinese,dante lam,"zakaria alaoui, dong yu",ji feng,film fireworks production
25,iron man 3,"$1,215,577,205",2013,"when tony stark's world is torn apart by a formidable terrorist called the mandarin, he starts an odyssey of rebuilding and retribution.","april 24, 2013 (apac, emea)",pg-13,2 hr 10 min,action adventure sci-fi,english,shane black,kevin feige,"drew pearce, shane black",marvel studios
200,cars 2,"$559,852,396",2011,star race car lightning mcqueen and his pal mater head overseas to compete in the world grand prix race. but the road to the championship becomes rocky as mater gets caught up in an intriguing adventure of his own: international espionage.,"june 22, 2011 (latam, emea)",g,1 hr 46 min,adventure animation comedy crime family mystery sci-fi sport,english,john lasseter,denise ream,ben queen,"walt disney studios, pixar animation studios"
195,fifty shades of grey,"$569,651,467",2015,"literature student anastasia steele's life changes forever when she meets handsome, yet tormented, billionaire christian grey.","february 11, 2015 (emea, apac)",r,2 hr 5 min,drama romance thriller,english,sam taylor-johnson,"michael de luca, e.l. james, dana brunetti",kelly marcel,michael de luca
194,night at the museum,"$574,481,229",2006,a newly recruited night security guard at the museum of natural history discovers that an ancient curse causes the animals and exhibits on display to come to life and wreak havoc.,"december 21, 2006 (apac)",pg,1 hr 48 min,adventure comedy family fantasy,english,shawn levy,"chris columbus, shawn levy, michael barnathan","robert ben garant, thomas lennon","20th century fox, 21 laps entertainment, 1492 pictures"
192,"monsters, inc.","$579,707,738",2001,"in order to power the city, monsters have to scare children so that they scream. however, the children are toxic to the monsters, and after a child gets through, two monsters realize things may not be what they think.","november 2, 2001 (domestic)",g,1 hr 32 min,adventure animation comedy family fantasy,english,pete docter,darla k. anderson,"pete docter, jill culton, jeff pidgeon, ralph eggleston, andrew stanton, daniel gerson","walt disney productions, pixar animation studios"
191,i am legend,"$585,410,052",2007,"years after a plague kills most of humanity and transforms the rest into monsters, the sole survivor in new york city struggles valiantly to find a cure.","december 12, 2007 (indonesia)",pg-13,1 hr 41 min,action drama horror sci-fi thriller,english,francis lawrence,"akiva goldsman, james lassiter, david heyman, neil moritz","akiva goldsman, mark protosevich","weed road pictures, village roadshow pictures, overbrook entertainment"
187,men in black,"$589,390,539",1997,a police officer joins a secret organization that polices and monitors extraterrestrial interactions on earth.,"july 2, 1997 (domestic)",pg-13,1 hr 38 min,action adventure comedy sci-fi,english,barry sonnenfeld,"laurie macdonald, walter f. parkes","lowell cunningham, ed solomon","columbia pictures, macdonald-parkes, amblin entertainment"
189,the hangover part ii,"$586,764,305",2011,"two years after the bachelor party in las vegas, phil, stu, alan, and doug jet to thailand for stu's wedding. stu's plan for a subdued pre-wedding brunch, however, goes seriously awry.","may 25, 2011 (emea)",r,1 hr 42 min,comedy,english,todd phillips,"todd phillips, daniel goldberg","craig mazin, scot armstrong, todd phillips",green hat films
190,iron man,"$585,796,247",2008,"after being held captive in an afghan cave, billionaire engineer tony stark creates a unique weaponized suit of armor to fight evil.","april 30, 2008 (29 markets)",pg-13,2 hr 6 min,action adventure sci-fi,english,jon favreau,"avi arad, kevin feige","mark fergus, hawk ostby, art marcum, matt holloway","marvel enterprises, paramount"
188,the croods,"$587,235,983",2013,"after their cave is destroyed, a caveman family must trek through an unfamiliar fantastical world with the help of an inventive boy.","march 15, 2013 (east africa)",pg,1 hr 38 min,action adventure animation comedy family fantasy,english,"christopher sanders, kirk demicco","kristine belson, jane hartwell","kirk demicco, christopher sanders","dreamworks animation, gizmo prods."
186,quantum of solace,"$589,580,482",2008,james bond descends into mystery as he tries to stop a mysterious organisation from eliminating a country's most valuable resource.,"october 31, 2008 (emea)",pg-13,1 hr 46 min,action adventure mystery thriller,english,marc forster,"michael g. wilson, barbara broccoli","paul haggis, neal purvis, robert wade",eon productions ltd.
185,tangled,"$592,462,816",2010,"the magically long-haired rapunzel has spent her entire life in a tower, but now that a runaway thief has stumbled upon her, she is about to discover the world for the first time, and who she really is.","november 24, 2010 (domestic)",pg,1 hr 40 min,adventure animation comedy family fantasy musical romance,english,"nathan greno, byron howard",roy conli,dan fogelman,walt disney animation
181,ready player one,"$607,874,134",2018,"when the creator of a virtual reality called the oasis dies, he makes a posthumous challenge to all oasis users to find his easter egg, which will give the finder his fortune and control of his world.","march 28, 2018 (emea, apac)",pg-13,2 hr 20 min,action adventure sci-fi,english,steven spielberg,"steven spielberg, donald de line, dan farah, kristie macosko krieger","ernest cline, zak penn","ratpac-dune entertainment, warner bros., village roadshow pictures, amblin entertainment, de line pictures"
182,transformers: the last knight,"$605,425,157",2017,"a deadly threat from earth's history reappears and a hunt for a lost artifact takes place between autobots and decepticons, while optimus prime encounters his creator in space.","june 21, 2017 (5 markets)",pg-13,2 hr 34 min,action adventure sci-fi,english,michael bay,"don murphy, tom desanto, lorenzo di bonaventura, ian bryce","art marcum, matt holloway, ken nolan","di bonaventura pictures, tom desanto/don murphy, ian bryce productions"
184,war of the worlds,"$603,873,119",2005,an alien invasion threatens the future of humanity. the catastrophic nightmare is depicted through the eyes of one american family fighting for survival.,"june 29, 2005 (46 markets)",pg-13,1 hr 56 min,action adventure sci-fi,english,steven spielberg,"kathleen kennedy, colin wilson","h.g. wells, josh friedman, david koepp",paramount pictures
179,the passion of the christ,"$612,054,506",2004,"depicts the final twelve hours in the life of jesus of nazareth, on the day of his crucifixion in jerusalem.","february 25, 2004 (apac, domestic)",r,2 hr 7 min,drama,,,,,
177,the lost world: jurassic park,"$618,638,999",1997,"a research team is sent to the jurassic park site b island to study the dinosaurs there, while an ingen team approaches with another agenda.","may 23, 1997 (domestic)",pg-13,2 hr 9 min,action adventure sci-fi,,,,,
183,madagascar: escape 2 africa,"$603,900,354",2008,"the madagascar animals fly back to new york city, but crash-land on an african nature reserve in kenya, where they meet others of their own kind, and alex especially discovers his royal heritage as prince of a lion pride.","october 30, 2008 (emea, apac)",pg,1 hr 29 min,adventure animation comedy family,english,"eric darnell, tom mcgrath","mireille soria, mark swift","etan cohen, eric darnell, tom mcgrath","pdi, paramount pictures international, dreamworks animation"
180,life of pi,"$609,016,565",2012,"a young man who survives a disaster at sea is hurtled into an epic journey of adventure and discovery. while cast away, he forms an unexpected connection with another survivor: a fearsome bengal tiger.","november 21, 2012 (domestic)",pg,2 hr 7 min,adventure drama fantasy,english,ang lee,"gil netter, ang lee, david womark",david magee,"haishang films, gil netter"
176,logan,"$619,179,950",2017,"in a future where mutants are nearly extinct, an elderly and weary logan leads a quiet life. but when laura, a mutant child pursued by scientists, comes to him for help, he must get her to safety.","march 1, 2017 (12 markets)",r,2 hr 17 min,action drama sci-fi thriller,,,,,
174,ant-man and the wasp,"$622,674,139",2018,"as scott lang balances being both a superhero and a father, hope van dyne and dr. hank pym present an urgent new mission that finds the ant-man fighting alongside the wasp to uncover secrets from their past.","july 4, 2018 (emea, apac)",pg-13,1 hr 58 min,action adventure comedy sci-fi,,,,,
178,casino royale,"$616,505,162",2006,"after earning 00 status and a licence to kill, secret agent james bond sets out on his first mission as 007. bond must defeat a private banker funding terrorists in a high-stakes game of poker at casino royale, montenegro.","november 15, 2006 (11 markets)",pg-13,2 hr 24 min,action adventure thriller,english,martin campbell,"barbara broccoli, michael g. wilson","neal purvis, robert wade, anthony waye, ian fleming","eon productions ltd., sony pictures entertainment, metro-goldwyn-mayer"
170,water gate bridge,"$626,571,697",2022,"sequel to ""the battle at lake changjin"". follows the chinese people's volunteers (cpv) soldiers on a new task, and now their battlefield is a crucial bridge on the retreat route of american troops.","february 1, 2022 (china)",,2 hr 33 min,action drama history war,,,,,
175,how to train your dragon 2,"$621,537,519",2014,"when hiccup and toothless discover an ice cave that is home to hundreds of new wild dragons and the mysterious dragon rider, the two friends find themselves at the center of a battle to protect the peace.","june 5, 2014 (emea)",pg,1 hr 42 min,action adventure animation comedy family fantasy,english,"dean deblois, tom owens",bonnie arnold,dean deblois,"dreamworks animation, mad hatter entertainment"
173,ratatouille,"$623,726,085",2007,a rat who can cook makes an unusual alliance with a young kitchen worker at a famous paris restaurant.,"june 28, 2007 (3 markets)",g,1 hr 51 min,adventure animation comedy family fantasy,english,brad bird,brad lewis,brad bird,pixar animation studios
171,fast five,"$626,137,675",2011,dominic toretto and his crew of street racers plan a massive heist to buy their freedom while in the sights of a powerful brazilian drug lord and a dangerous federal agent.,"april 20, 2011 (apac)",pg-13,2 hr 10 min,action crime thriller,english,justin lin,"neal h. moritz, vin diesel, michael fottrell, michael k. ross",chris morgan,"original film, one race productions"
168,the martian,"$630,620,818",2015,"an astronaut becomes stranded on mars after his team assume him dead, and must rely on his ingenuity to find a way to signal to earth that he is alive and can survive until a potential rescue.","september 30, 2015 (philippines)",pg-13,2 hr 24 min,adventure drama sci-fi,english,ridley scott,"simon kinberg, ridley scott, michael schaefer, aditya sood, mark huffam",drew goddard,"20th century fox, scott free productions"
169,hancock,"$629,443,428",2008,hancock is a superhero whose ill-considered behavior regularly causes damage in the millions. he changes when the person he saves helps him improve his public image.,"july 2, 2008 (23 markets)",pg-13,1 hr 32 min,action comedy drama fantasy,english,peter berg,"akiva goldsman, michael mann, will smith, james lassiter","vy vincent ngo, vince gilligan","blue light, overbrook entertainment, weed road pictures"
172,iron man 2,"$623,933,331",2010,"with the world now aware of his identity as iron man, tony stark must contend with both his declining health and a vengeful mad man with ties to his father's legacy.","april 28, 2010 (emea)",pg-13,2 hr 4 min,action sci-fi,english,jon favreau,kevin feige,justin theroux,marvel studios
165,sing,"$634,338,384",2016,"in a city of humanoid animals, a hustling theater impresario's attempt to save his theater with a singing competition becomes grander than he anticipates even as its finalists find that their lives will never be the same.","december 2, 2016 (norway)",pg,1 hr 48 min,animation comedy family musical,english,richard baskin,craig zadan,dean pitchford,tristar pictures
167,the incredibles,"$631,684,650",2004,"while trying to lead a quiet suburban life, a family of undercover superheroes are forced into action to save the world.","november 5, 2004 (domestic, apac)",pg,1 hr 55 min,action adventure animation family,english,brad bird,"john lasseter, john walker",brad bird,pixar animation studios
166,kung fu panda,"$632,083,197",2008,"to everyone's surprise, including his own, po, an overweight, clumsy panda, is chosen as protector of the valley of peace. his suitability will soon be tested as the valley's arch-enemy is on his way.","june 5, 2008 (emea, apac)",pg,1 hr 32 min,action adventure animation comedy family fantasy,english,"john stevenson, mark osborne",melissa cobb,"jonathan aibel, glenn berger",dreamworks animation
160,fantastic beasts: the crimes of grindelwald,"$655,755,901",2018,"the second installment of the ""fantastic beasts"" series featuring the adventures of magizoologist newt scamander.","october 12, 2018 (south africa)",pg-13,2 hr 14 min,adventure family fantasy,english,david yates,"david heyman, lionel wigram, steve kloves, j.k. rowling",j.k. rowling,"heyday films, warner bros."
163,star wars: episode ii - attack of the clones,"$653,779,970",2002,"ten years after initially meeting, anakin skywalker shares a forbidden romance with padmé amidala, while obi-wan kenobi discovers a secret clone army crafted for the jedi.","may 16, 2002 (30 markets)",pg,2 hr 22 min,action adventure fantasy sci-fi,english,george lucas,rick mccallum,"george lucas, jonathan hales","twentieth century fox, lucasfilm ltd."
164,thor: the dark world,"$644,783,140",2013,"when the dark elves attempt to plunge the universe into darkness, thor must embark on a perilous and personal journey that will reunite him with doctor jane foster.","october 30, 2013 (emea, apac)",pg-13,1 hr 52 min,action adventure fantasy,english,alan taylor,kevin feige,"christopher yost, christopher markus, stephen mcfeely",marvel studios
162,men in black 3,"$654,213,485",2012,agent j travels in time to m.i.b.'s early days in 1969 to stop an alien from assassinating his friend agent k and changing history.,"may 23, 2012 (emea, apac)",pg-13,1 hr 46 min,action adventure comedy sci-fi,,,,,
161,pirates of the caribbean: the curse of the black pearl,"$654,264,015",2003,"blacksmith will turner teams up with eccentric pirate ""captain"" jack sparrow to save his love, the governor's daughter, from jack's former pirate allies, who are now undead.","july 9, 2003 (domestic)",pg-13,2 hr 23 min,action adventure fantasy,english,gore verbinski,jerry bruckheimer,"ted elliott, terry rossio, stuart beattie, jay wolpert",jerry bruckheimer films
158,justice league,"$661,326,987",2017,"fueled by his restored faith in humanity and inspired by superman's selfless act, bruce wayne enlists the help of his new-found ally, diana prince, to face an even greater enemy.","october 17, 2017 (lithuania)",pg-13,2 hr,action adventure fantasy sci-fi,,,,,
157,the hunger games: mockingjay - part 2,"$661,456,563",2015,katniss and a team of rebels from district 13 prepare for the final battle that will decide the fate of panem.,"november 18, 2015 (13 markets)",pg-13,2 hr 17 min,action adventure sci-fi thriller,english,francis lawrence,"nina jacobson, jon kilik","peter craig, danny strong","color force, lionsgate films"
159,big hero 6,"$657,869,686",2014,"a special bond develops between plus-sized inflatable robot baymax and prodigy hiro hamada, who together team up with a group of friends to form a band of high-tech heroes.","october 25, 2014 (emea, apac)",pg,1 hr 42 min,action adventure animation comedy drama family fantasy sci-fi,english,"don hall, chris williams",roy conli,"robert l. baird, daniel gerson, jordan roberts","walt disney animation, walt disney animation studios, walt disney pictures"
152,doctor strange,"$677,796,076",2016,"while on a journey of physical and spiritual healing, a brilliant neurosurgeon is drawn into the world of the mystic arts.","october 25, 2016 (united kingdom)",pg-13,1 hr 55 min,action adventure fantasy sci-fi,,,,,
151,forrest gump,"$678,226,465",1994,"the history of the united states from the 1950s to the '70s unfolds from the perspective of an alabama man with an iq of 75, who yearns to be reunited with his childhood sweetheart.","july 6, 1994 (domestic)",pg-13,2 hr 22 min,drama romance,english,robert zemeckis,"wendy finerman, steve starkey, steve tisch","winston groom, eric roth",paramount pictures
149,detective chinatown 3,"$686,257,563",2021,a major crime occurs in tokyo when detectives tang ren and qin feng are invited to investigate the crime. a battle between the strongest detectives in asia is about to break out with bursts of laughter.,"february 12, 2021 (china)",r,2 hr 16 min,action adventure comedy mystery,chinese,sicheng chen,,sicheng chen,wanda pictures
156,kung fu panda 2,"$665,692,281",2011,"po and his friends fight to stop a peacock villain from conquering china with a deadly new weapon, but first the dragon warrior must come to terms with his past.","may 26, 2011 (9 markets)",pg,1 hr 30 min,action adventure animation comedy drama family fantasy,,,,,
153,the sixth sense,"$672,806,432",1999,"malcolm crowe, a child psychologist, starts treating a young boy, cole, who encounters dead people and convinces him to help them. in turn, cole helps malcolm reconcile with his estranged wife.","august 6, 1999 (domestic)",pg-13,1 hr 47 min,drama mystery thriller,,,,,
154,man of steel,"$670,145,518",2013,an alien child is evacuated from his dying world and sent to earth to live among humans. his peace is threatened when other survivors of his home planet invade earth.,"june 12, 2013 (apac, emea)",pg-13,2 hr 23 min,action adventure sci-fi,english,ken anderson,doug ross,,
155,ice age: the meltdown,"$667,094,506",2006,"manny, sid and diego discover that the ice age is coming to an end, and join everybody for a journey to higher ground. on the trip, they discover that manny is not in fact the last of the woolly mammoths.","march 29, 2006 (apac, emea)",pg,1 hr 31 min,adventure animation comedy family,,,,,
147,spider-man: across the spider-verse,"$690,516,673",2023,"miles morales catapults across the multiverse, where he encounters a team of spider-people charged with protecting its very existence. when the heroes clash on how to handle a new threat, miles must redefine what it means to be a hero.","may 31, 2023 (france)",pg,2 hr 20 min,action adventure animation family fantasy sci-fi,,,,,
148,moana,"$687,228,908",2016,"in ancient polynesia, when a terrible curse incurred by the demigod maui reaches moana's island, she answers the ocean's call to seek out the demigod to set things right.","november 23, 2016 (domestic)",pg,1 hr 47 min,adventure animation comedy family fantasy musical,,robert j. flaherty,"robert j. flaherty, frances h. flaherty","robert j. flaherty, julian johnson",
142,the wandering earth,"$699,992,512",2019,"as the sun is dying out, people all around the world build giant planet thrusters to move earth out of its orbit and sail earth to a new star system. yet the 2500-year journey comes with unexpected dangers, and in order to save humanity, a group of young people in this age of a wandering earth fight hard for the survival of humankind.","january 31, 2019 (australia)",,2 hr 5 min,action adventure sci-fi thriller,chinese,frant gwo,gong geer,"yan dongxu, gong geer, frant gwo, junce ye, yang zhixue","beijing jingxi culture & tourism company, united entertainment partners, china film company limited"
150,mission: impossible - rogue nation,"$682,716,636",2015,ethan and his team take on their most impossible mission yet when they have to eradicate an international rogue organization as highly skilled as they are and committed to destroying the imf.,"july 24, 2015 (bulgaria)",pg-13,2 hr 11 min,action adventure thriller,english,christopher mcquarrie,"tom cruise, j.j. abrams, bryan burk, david ellison, dana goldberg, don granger",christopher mcquarrie,"skydance productions, tom cruise, paramount pictures, bad robot"
146,mamma mia!,"$694,640,739",2008,the story of a bride-to-be trying to find her real father told using hit songs by the popular 1970s group,"june 27, 2008 (norway)",pg-13,1 hr 48 min,comedy musical romance,,,,,
141,it,"$704,242,551",2017,"in the summer of 1989, a group of bullied kids band together to destroy a shape-shifting monster, which disguises itself as a clown and preys on the children of derry, their small maine town.","september 6, 2017 (apac)",r,2 hr 15 min,horror,russian,sergei ovcharov,,sergei ovcharov,lenfilm studio
140,fast x,"$704,875,015",2023,dom toretto and his family are targeted by the vengeful son of drug kingpin hernan reyes.,"april 27, 2023 (italy)",pg-13,2 hr 21 min,action adventure crime mystery thriller,english,louis leterrier,"neal h. moritz, vin diesel, justin lin, jeff kirschenbaum, samantha vincent","justin lin, dan mazeau","china film co., ltd., universal studios, original film, perfect storm entertainment, one race films, roth/kirschenbaum films"
145,mission: impossible - ghost protocol,"$694,713,380",2011,"the imf is shut down when it's implicated in the bombing of the kremlin, causing ethan hunt and his new team to go rogue to clear their organization's name.","december 14, 2011 (emea)",pg-13,2 hr 12 min,action adventure thriller,english,brad bird,"tom cruise, j.j. abrams, bryan burk","josh appelbaum, andre nemec",bad robot
144,the hunger games,"$695,220,619",2012,katniss everdeen voluntarily takes her younger sister's place in the hunger games: a televised competition in which two teenagers from each of the twelve districts of panem are chosen at random to fight to the death.,"march 8, 2012 (portugal)",pg-13,2 hr 22 min,action adventure sci-fi thriller,english,gary ross,"nina jacobson, jon kilik","gary ross, suzanne collins, billy ray",color force
143,the twilight saga: eclipse,"$698,509,825",2010,"as a string of mysterious killings grips seattle, bella, whose high school graduation is fast approaching, is forced to choose between her love for vampire edward and her friendship with werewolf jacob.","june 30, 2010 (20 markets)",pg-13,2 hr 4 min,action adventure drama fantasy mystery romance thriller,english,david slade,"wyck godfrey, karen rosenfelt","melissa rosenberg, stephenie meyer",temple hill
133,f9: the fast saga,"$726,229,501",2021,dom and the crew must take on an international terrorist who turns out to be dom and mia's estranged brother.,"may 19, 2021 (apac, emea)",pg-13,2 hr 23 min,action crime thriller,,,,,
132,ne zha,"$726,264,074",2019,"born with unique powers, a boy is recruited to fight demons and save the community that fears him.","july 26, 2019 (china)",,1 hr 50 min,action adventure animation family fantasy thriller,chinese,yu yang,,,
138,transformers,"$709,709,780",2007,"an ancient struggle between two cybertronian races, the heroic autobots and the evil decepticons, comes to earth, with a clue to the ultimate power held by a teenager.","june 28, 2007 (emea, apac)",pg-13,2 hr 24 min,action adventure sci-fi,,,,,
139,the amazing spider-man 2,"$708,982,323",2014,"when new york is put under siege by oscorp, it is up to spider-man to save the city he swore to protect as well as his loved ones.","april 16, 2014 (belgium)",pg-13,2 hr 22 min,action adventure sci-fi,,,,,
136,the twilight saga: new moon,"$711,025,481",2009,"edward leaves bella after an attack that nearly claimed her life, and, in her depression, she falls into yet another difficult relationship - this time with her close friend, jacob black.","november 18, 2009 (emea)",pg-13,2 hr 10 min,adventure drama fantasy romance,english,chris weitz,"karen rosenfelt, wyck godfrey",melissa rosenberg,"summit entertainment, temple hill"
137,dawn of the planet of the apes,"$710,644,566",2014,the fragile peace between apes and humans is threatened as mistrust and betrayal threaten to plunge both tribes into a war for dominance over the earth.,"july 9, 2014 (philippines)",pg-13,2 hr 10 min,action adventure drama sci-fi thriller,english,matt reeves,"peter chernin, dylan clark, rick jaffa, amanda silver","rick jaffa, amanda silver, mark bomback",chernin entertainment
135,the twilight saga: breaking dawn - part 1,"$712,205,856",2011,"the quileutes close in on expecting parents edward and bella, whose unborn child poses a threat to the wolf pack and the towns people of forks.","november 16, 2011 (emea, apac)",pg-13,1 hr 57 min,adventure drama fantasy romance thriller,english,bill condon,"wyck godfrey, karen rosenfelt, stephenie meyer",melissa rosenberg,"temple hill, sunswept entertainment, summit entertainment"
134,captain america: the winter soldier,"$714,421,503",2014,"as steve rogers struggles to embrace his role in the modern world, he teams up with a fellow avenger and s.h.i.e.l.d agent, black widow, to battle a new threat from history: an assassin known as the winter soldier.","march 26, 2014 (apac, emea)",pg-13,2 hr 16 min,action adventure sci-fi thriller,english,"anthony russo, joe russo",kevin feige,"christopher markus, stephen mcfeely",marvel enterprises
130,up,"$735,099,102",2009,"78-year-old carl fredricksen travels to paradise falls in his house equipped with balloons, inadvertently taking a young stowaway.","may 28, 2009 (russia/cis)",pg,1 hr 36 min,adventure animation comedy drama family,english,"pete docter, bob peterson",jonas rivera,"bob peterson, pete docter","pixar animation studios, walt disney pictures"
131,interstellar,"$731,079,637",2014,"when earth becomes uninhabitable in the future, a farmer and ex-nasa pilot, joseph cooper, is tasked to pilot a spacecraft, along with a team of researchers, to find a new planet for humans.","november 5, 2014 (domestic, emea)",pg-13,2 hr 49 min,adventure drama sci-fi,english,christopher nolan,"emma thomas, christopher nolan, lynda obst","jonathan nolan, christopher nolan","syncopy, lynda obst productions"
129,the matrix reloaded,"$741,847,937",2003,"freedom fighters neo, trinity and morpheus continue to lead the revolt against the machine army, unleashing their arsenal of extraordinary skills and weaponry against the systematic forces of repression and exploitation.","may 15, 2003 (3 markets)",r,2 hr 18 min,action sci-fi,english,"lilly wachowski, lana wachowski",joel silver,"lilly wachowski, lana wachowski","silver pictures, warner brothers"
124,suicide squad,"$749,200,054",2016,a secret government agency recruits some of the most dangerous incarcerated super-villains to form a defensive task force. their first mission: save the world from the apocalypse.,"august 3, 2016 (emea, apac)",pg-13,2 hr 3 min,action adventure fantasy sci-fi,english,brian desmond hurst,,,c.c. burr productions inc.
128,monsters university,"$743,559,645",2013,"a look at the relationship between mike wazowski (billy crystal) and james p. ""sully"" sullivan (john goodman) during their days at monsters university, when they weren't necessarily the best of friends.","june 19, 2013 (egypt)",g,1 hr 44 min,adventure animation comedy family fantasy sci-fi,english,dan scanlon,kori rae,"daniel gerson, robert l. baird, dan scanlon",pixar animation studios
125,madagascar 3: europe's most wanted,"$746,921,274",2012,"the madagascar animals join a struggling european circus to get back to new york, but find themselves being pursued by a psychotic animal-control officer.","june 6, 2012 (emea, apac)",pg,1 hr 35 min,adventure animation comedy family,,,,,
127,"the chronicles of narnia: the lion, the witch and the wardrobe","$745,013,115",2005,four kids travel through a wardrobe to the land of narnia and learn of their destiny to free it with the guidance of a mystical lion.,"december 7, 2005 (emea)",pg,2 hr 23 min,adventure family fantasy,,,,,
126,x-men: days of future past,"$746,045,700",2014,the x-men send wolverine to the past in a desperate effort to change history and prevent an event that results in doom for both humans and mutants.,"may 21, 2014 (apac, emea)",pg-13,2 hr 12 min,action adventure sci-fi thriller,,,,,
117,thor: love and thunder,"$760,928,081",2022,"thor enlists the help of valkyrie, korg and ex-girlfriend jane foster to fight gorr the god butcher, who intends to make the gods extinct.","july 6, 2022 (apac, emea)",pg-13,1 hr 58 min,action adventure comedy fantasy romance sci-fi,english,taika waititi,kevin feige,"taika waititi, jennifer kaytin robinson","marvel studios, walt disney pictures, fox studios australia"
116,the batman,"$772,245,583",2022,"when a sadistic serial killer begins murdering key political figures in gotham, batman is forced to investigate the city's hidden corruption and question his family's involvement.","march 1, 2022 (south korea)",pg-13,2 hr 56 min,action crime drama mystery thriller,english,matt reeves,"dylan clark, matt reeves","matt reeves, peter craig","6th & idaho productions, warner bros., dylan clark productions, dc entertainment"
123,shrek forever after,"$752,600,867",2010,rumpelstiltskin tricks a mid-life crisis burdened shrek into allowing himself to be erased from existence and cast in a dark alternate timeline where rumpelstiltskin rules supreme.,"may 20, 2010 (apac, emea)",pg,1 hr 33 min,adventure animation comedy family fantasy romance,english,mike mitchell,"gina shay, teresa cheng","josh klausner, darren lemke",dreamworks animation
118,fast & furious presents: hobbs & shaw,"$760,732,926",2019,lawman luke hobbs and outcast deckard shaw form an unlikely alliance when a cyber-genetically enhanced villain threatens the future of humanity.,"july 1, 2019 (portugal)",,2 hr 17 min,action adventure thriller,english,david leitch,"dwayne johnson, jason statham, chris morgan, hiram garcia","chris morgan, drew pearce","chris morgan productions, seven bucks productions"
122,the hunger games: mockingjay - part 1,"$755,357,103",2014,"katniss everdeen is in district 13 after she shatters the games forever. under the leadership of president coin and the advice of her trusted friends, katniss spreads her wings as she fights to save peeta and a nation moved by her courage.","november 19, 2014 (emea, latam)",pg-13,2 hr 3 min,action adventure sci-fi thriller,english,francis lawrence,"nina jacobson, jon kilik","peter craig, danny strong","lionsgate films, color force"
119,the da vinci code,"$760,006,945",2006,"a murder inside the louvre, and clues in da vinci paintings, lead to the discovery of a religious mystery protected by a secret society for two thousand years, which could shake the foundations of christianity.","may 17, 2006 (emea)",pg-13,2 hr 29 min,mystery thriller,,,,,
121,the amazing spider-man,"$757,930,663",2012,"after peter parker is bitten by a genetically altered spider, he gains newfound, spider-like powers and ventures out to save the city from the machinations of a mysterious reptilian foe.","june 28, 2012 (apac, emea)",pg-13,2 hr 16 min,action adventure sci-fi,,,,,
120,maleficent,"$759,853,685",2014,"a vengeful fairy is driven to curse an infant princess, only to discover that the child could be the one person who can restore peace to their troubled land.","may 28, 2014 (apac, emea)",pg,1 hr 37 min,action adventure drama family fantasy romance,english,robert stromberg,joe roth,linda woolverton,"roth films, walt disney pictures"
113,no time to die,"$774,153,007",2021,"james bond has left active service. his peace is short-lived when felix leiter, an old friend from the cia, turns up asking for help, leading bond onto the trail of a mysterious villain armed with dangerous new technology.","september 29, 2021 (south korea)",pg-13,2 hr 43 min,action adventure thriller,english,helmut ashley,,,
112,star wars: episode iv - a new hope,"$775,398,007",1977,"luke skywalker joins forces with a jedi knight, a cocky pilot, a wookiee and two droids to save the galaxy from the empire's world-destroying battle station, while also attempting to rescue princess leia from the mysterious darth vader.","may 25, 1977 (domestic)",pg,2 hr 1 min,action adventure fantasy sci-fi,english,george lucas,gary kurtz,george lucas,lucasfilm ltd.
110,deadpool 2,"$785,896,609",2018,"foul-mouthed mutant mercenary wade wilson (a.k.a. deadpool) assembles a team of fellow mutant rogues to protect a young boy with supernatural abilities from the brutal, time-traveling cyborg cable.","may 16, 2018 (18 markets)",r,1 hr 59 min,action adventure comedy sci-fi,english,david leitch,"ryan reynolds, simon kinberg, lauren shuler donner","ryan reynolds, rhett reese, paul wernick","kinberg genre, maximum effort"
115,gravity,"$773,031,583",2013,two astronauts work together to survive after an accident leaves them stranded in space.,"october 3, 2013 (emea, apac)",pg-13,1 hr 31 min,drama sci-fi thriller,,,,,
111,deadpool,"$782,836,791",2016,"a wisecracking mercenary gets experimented on and becomes immortal yet hideously scarred, and sets out to track down the man who ruined his looks.","february 9, 2016 (taiwan)",r,1 hr 48 min,action comedy,english,tim miller,"simon kinberg, ryan reynolds, lauren shuler donner","rhett reese, paul wernick","kinberg genre, donners' company"
107,indiana jones and the kingdom of the crystal skull,"$790,653,942",2008,indiana jones becomes entangled in a soviet plot to uncover the secret behind mysterious artifacts known as the crystal skulls.,"may 21, 2008 (emea)",pg-13,2 hr 2 min,action adventure,english,steven spielberg,frank marshall,david koepp,lucasfilm ltd.
114,guardians of the galaxy,"$773,350,147",2014,a group of intergalactic criminals must pull together to stop a fanatical warrior with plans to purge the universe.,"july 30, 2014 (iceland)",pg-13,2 hr 1 min,action adventure comedy sci-fi,english,james gunn,kevin feige,"james gunn, nicole perlman","marvel studios, moving picture company, marvel enterprises"
109,fast & furious 6,"$788,680,968",2013,"hobbs has dominic and brian reassemble their crew to take down a team of mercenaries: dominic unexpectedly gets sidetracked with facing his presumed deceased girlfriend, letty.","may 17, 2013 (united kingdom)",pg-13,2 hr 10 min,action adventure crime thriller,english,justin lin,"neal h. moritz, vin diesel, clayton townsend",chris morgan,"original film, one race productions"
105,mission: impossible - fallout,"$791,657,398",2018,"ethan hunt and his imf team, along with some familiar allies, race against time after a mission gone wrong.","july 25, 2018 (apac)",pg-13,2 hr 27 min,action adventure thriller,english,christopher mcquarrie,"tom cruise, christopher mcquarrie, jake myers, j.j. abrams",christopher mcquarrie,"tom cruise, bad robot"
108,spider-man 2,"$788,976,453",2004,peter parker is beset with troubles in his failing personal life as he battles a former brilliant scientist named otto octavius.,"june 30, 2004 (19 markets)",pg-13,2 hr 7 min,action adventure sci-fi,english,sam raimi,"avi arad, laura ziskin","alvin sargent, michael chabon, alfred gough, miles millar","marvel enterprises, laura ziskin productions, columbia pictures corporation, sony pictures entertainment"
104,e.t. the extra-terrestrial,"$792,910,554",1982,a troubled child summons the courage to help a friendly alien escape from earth and return to his home planet.,"june 11, 1982 (domestic)",pg,1 hr 55 min,adventure family sci-fi,english,steven spielberg,"steven spielberg, kathleen kennedy",melissa mathison,"universal pictures, amblin entertainment"
106,2012,"$791,217,826",2009,a frustrated writer struggles to keep his family alive when a series of global catastrophes threatens to annihilate mankind.,"november 11, 2009 (emea)",pg-13,2 hr 38 min,action adventure sci-fi,english,roland emmerich,"harald kloser, mark gordon, larry j. franco","roland emmerich, harald kloser",centropolis entertainment
103,pirates of the caribbean: dead men tell no tales,"$795,922,298",2017,captain jack sparrow is pursued by old rival captain salazar and a crew of deadly ghosts who have escaped from the devil's triangle. they're determined to kill every pirate at sea...notably jack.,"may 24, 2017 (apac, emea)",pg-13,2 hr 9 min,action adventure fantasy,english,"joachim rønning, espen sandberg",jerry bruckheimer,jeff nathanson,jerry bruckheimer films
102,jumanji: the next level,"$801,693,929",2019,"in jumanji: the next level, the gang is back but the game has changed. as they return to rescue one of their own, the players will have to brave parts unknown from arid deserts to snowy mountains, to escape the world's most dangerous game.","december 4, 2019 (emea, apac)",pg-13,2 hr 3 min,action adventure comedy fantasy,english,jake kasdan,"dany garcia, hiram garcia, dwayne johnson, jake kasdan, matthew tolmach","jake kasdan, jeff pinkner, scott rosenberg","matt tolmach productions, the detective agency, seven bucks productions"
99,coco,"$814,337,054",2017,"aspiring musician miguel, confronted with his family's ancestral ban on music, enters the land of the dead to find his great-great-grandfather, a legendary singer.","october 27, 2017 (mexico)",pg,1 hr 45 min,adventure animation drama family fantasy music mystery,french (france),gad elmaleh,alain goldman,"gad elmaleh, caroline thivel","légende films, studio canal"
96,"hi, mom","$822,009,764",2021,a woman travels back in time to befriend her own mother in an attempt to make her life better.,"february 12, 2021 (china)",,2 hr 8 min,comedy romance,english,brian de palma,,,
98,fantastic beasts and where to find them,"$816,037,575",2016,the adventures of writer newt scamander in new york's secret community of witches and wizards seventy years before harry potter reads his book in school.,"november 16, 2016 (apac, emea)",pg-13,2 hr 12 min,adventure family fantasy,english,david yates,"david heyman, j.k. rowling, steve kloves, lionel wigram",j.k. rowling,"heyday films, nvizible, warner bros. pictures"
101,harry potter and the prisoner of azkaban,"$807,040,707",2004,"harry potter, ron and hermione return to hogwarts school of witchcraft and wizardry for their third year of study, where they delve into the mystery surrounding an escaped prisoner who poses a dangerous threat to the young wizard.","june 2, 2004 (apac, emea)",pg,2 hr 22 min,adventure family fantasy mystery,english,alfonso cuarón,"chris columbus, david heyman, mark radcliffe","j.k. rowling, steve kloves","1492 pictures, heyday films, warner brothers"
91,guardians of the galaxy vol. 3,"$845,555,777",2023,"still reeling from the loss of gamora, peter quill rallies his team to defend the universe and one of their own - a mission that could mean the end of the guardians if not successful.","april 13, 2023 (italy)",pg-13,2 hr 30 min,action adventure comedy sci-fi,english,james gunn,kevin feige,james gunn,"québec film & tv production tax credit, marvel studios, marvel entertainment, film new zealand, troll court entertainment"
100,shrek the third,"$813,367,380",2007,"reluctantly designated as the heir to the land of far, far away, shrek hatches a plan to install the rebellious artie as the new king while princess fiona tries to fend off a coup d'état by the jilted prince charming.","may 17, 2007 (emea, apac)",pg,1 hr 33 min,adventure animation comedy family fantasy romance,english,chris miller,aron warner,"jeffrey price, peter s. seaman, chris miller, aron warner","dreamworks skg, pacific data images (pdi)"
95,wonder woman,"$823,970,682",2017,"when a pilot crashes and tells of conflict in the outside world, diana, an amazonian warrior in training, leaves home to fight a war, discovering her full powers and true destiny.","may 30, 2017 (apac)",pg-13,2 hr 21 min,action adventure fantasy sci-fi war,english,lauren montgomery,,michael jelenic,"dc comics, warner premiere, warner bros. animation"
97,independence day,"$817,400,891",1996,"the aliens are coming and their goal is to invade and destroy earth. fighting superior technology, mankind's best weapon is the will to survive.","july 3, 1996 (domestic)",pg-13,2 hr 25 min,action adventure sci-fi,english,bobby roth,,,
89,thor: ragnarok,"$855,301,806",2017,"imprisoned on the planet sakaar, thor must race against time to return to asgard and stop ragnarök, the destruction of his world, at the hands of the powerful and ruthless villain hela.","october 24, 2017 (united kingdom)",pg-13,2 hr 10 min,action adventure comedy fantasy sci-fi,english,taika waititi,kevin feige,"eric pearson, craig kyle, christopher yost",marvel studios
94,spider-man,"$825,025,036",2002,"after being bitten by a genetically-modified spider, a shy teenager gains spider-like abilities that he uses to fight injustice as a masked superhero and face a vengeful enemy.","may 3, 2002 (18 markets)",pg-13,2 hr 1 min,action adventure sci-fi,english,sam raimi,"ian bryce, laura ziskin","david koepp, stan lee, steve ditko","marvel films, laura ziskin productions"
86,black panther: wakanda forever,"$859,208,836",2022,the people of wakanda fight to protect their home from intervening world powers as they mourn the death of king t'challa.,"november 4, 2022 (iceland)",pg-13,2 hr 41 min,action adventure drama sci-fi,english,ryan coogler,"kevin feige, nate moore","ryan coogler, joe robert cole","marvel studios, walt disney pictures"
88,venom,"$856,085,151",2018,"a failed reporter is bonded to an alien entity, one of many symbiotes who have invaded earth. but the being takes a liking to earth and decides to protect it.","october 3, 2018 (7 markets)",pg-13,1 hr 52 min,action adventure sci-fi,english,michael mcadam,"anne apra, andrew thacher, michael mcadam, vsev krawczeniuk",michael mcadam,frantic lounge films
93,transformers: revenge of the fallen,"$836,303,693",2009,"sam witwicky leaves the autobots behind for a normal life. but when his mind is filled with cryptic symbols, the decepticons target him and he is dragged back into the transformers' war.","june 19, 2009 (united kingdom)",pg-13,2 hr 29 min,action adventure sci-fi,english,michael bay,"don murphy, tom desanto, lorenzo di bonaventura, ian bryce","ehren kruger, roberto orci, alex kurtzman",di bonaventura pictures
92,inception,"$839,030,630",2010,"a thief who steals corporate secrets through the use of dream-sharing technology is given the inverse task of planting an idea into the mind of a c.e.o., but his tragic past may doom the project and his team to disaster.","july 15, 2010 (emea, apac)",pg-13,2 hr 28 min,action adventure sci-fi thriller,english,christopher nolan,"christopher nolan, emma thomas",christopher nolan,"syncopy, warner bros."
85,guardians of the galaxy vol. 2,"$863,756,051",2017,"the guardians struggle to keep together as a team while dealing with their personal family issues, notably star-lord's encounter with his father, the ambitious celestial being ego.","april 25, 2017 (emea, apac)",pg-13,2 hr 16 min,action adventure comedy sci-fi,english,james gunn,kevin feige,james gunn,"marvel studios, walt disney pictures"
90,the twilight saga: breaking dawn - part 2,"$848,593,948",2012,"after the birth of renesmee/nessie, the cullens gather other vampire clans in order to protect the child from a false allegation that puts the family in front of the volturi.","november 14, 2012 (emea)",pg-13,1 hr 55 min,adventure drama fantasy romance,english,bill condon,"wyck godfrey, karen rosenfelt, stephenie meyer",melissa rosenberg,temple hill
82,wolf warrior 2,"$870,325,439",2017,"china's deadliest special forces operative settles into a quiet life on the sea. when sadistic mercenaries begin targeting nearby civilians, he must leave his newfound peace behind and return to his duties as a soldier and protector.","july 27, 2017 (apac, china)",,2 hr 3 min,action adventure drama thriller war,chinese,jing wu,,"jing wu, qun dong, liu yi","china film group, beijing culture, bona film group"
87,inside out,"$858,848,019",2015,"after young riley is uprooted from her midwest life and moved to san francisco, her emotions - joy, fear, anger, disgust and sadness - conflict on how best to navigate a new city, house, and school.","june 10, 2015 (russia/cis)",pg,1 hr 35 min,adventure animation comedy drama family fantasy,english,david ogden,timothy linh bui,david ogden,humble journey films
81,batman v superman: dawn of justice,"$874,362,803",2016,batman is manipulated by lex luthor to fear superman. superman´s existence is meanwhile dividing the world and he is framed for murder during an international crisis. the heroes clash and force the neutral wonder woman to reemerge.,"march 23, 2016 (apac, emea)",pg-13,2 hr 31 min,action adventure sci-fi,english,zack snyder,"charles roven, deborah snyder","chris terrio, david s. goyer","syncopy, atlas entertainment, warner bros., cruel and unusual, dc entertainment"
78,spectre,"$880,705,312",2015,"a cryptic message from james bond's past sends him on a trail to uncover the existence of a sinister organisation named spectre. with a new threat dawning, bond learns the terrible truth about the author of all his pain in his most recent missions.","october 26, 2015 (united kingdom)",pg-13,2 hr 28 min,action adventure thriller,english,scott levy,mary ann fisher,brendan broderick,"new concorde, transpacific corp."
84,the hunger games: catching fire,"$865,011,746",2013,katniss everdeen and peeta mellark become targets of the capitol after their victory in the 74th hunger games sparks a rebellion in the districts of panem.,"november 15, 2013 (brazil)",pg-13,2 hr 26 min,action adventure sci-fi thriller,english,francis lawrence,"jon kilik, nina jacobson","simon beaufoy, michael arndt","lionsgate films, color force"
83,star wars: episode iii - revenge of the sith,"$868,390,560",2005,"three years into the clone wars, obi-wan pursues a new threat, while anakin is lured by chancellor palpatine into a sinister plot to rule the galaxy.","may 18, 2005 (emea)",pg-13,2 hr 20 min,action adventure fantasy sci-fi,english,george lucas,"george lucas, rick mccallum",george lucas,lucasfilm ltd.
80,ice age: continental drift,"$877,244,782",2012,"manny, diego, and sid embark upon another adventure after their continent is set adrift. using an iceberg as a ship, they encounter sea creatures and battle pirates as they explore a new world.","june 27, 2012 (apac, emea)",pg,1 hr 28 min,adventure animation comedy family,english,"steve martino, mike thurmeier","lori forte, john c. donkin","michael berg, jason fuchs",blue sky studios
77,the lord of the rings: the fellowship of the ring,"$883,407,846",2001,a meek hobbit from the shire and eight companions set out on a journey to destroy the powerful one ring and save middle-earth from the dark lord sauron.,"december 19, 2001 (16 markets)",pg-13,2 hr 58 min,action adventure drama fantasy,english,peter jackson,"peter jackson, barrie m. osborne, fran walsh, tim sanders","peter jackson, fran walsh, philippa boyens, j.r.r. tolkien","new line cinema, wingnut films, saul zaentz company"
75,the secret life of pets,"$894,567,999",2016,"the quiet life of a terrier named max is upended when his owner takes in duke, a stray whom max instantly dislikes.","june 24, 2016 (emea)",pg,1 hr 27 min,adventure animation comedy family,english,chris renaud,"christopher meledandri, janet healy","cinco paul, ken daurio, brian lynch",chris meledandri
72,the battle at lake changjin,"$902,548,476",2021,"in the fierce battlefield in the midst of the harsh weather conditions, wu qian li and wu wan li, two brothers soldier including the brave chinese soldiers must fight together and find a way to cope with the invasion of us forces.","october 1, 2021 (china)",,2 hr 56 min,action drama history war,chinese,"chen kaige, dante lam, hark tsui","chen hong, defu jiang, candy leung, nansun shi, dong yu","jianxin huang, xiaolong lan","huaxia film distribution, china film, alibaba pictures, bona film group, shanghai film group, beijing dengfeng international culture communications company, huaxia film distribution company"
79,spider-man: homecoming,"$880,166,924",2017,"peter parker balances his life as an ordinary high school student in queens with his superhero alter-ego spider-man, and finds himself on the trail of a new menace prowling the skies of new york city.","july 5, 2017 (8 markets)",pg-13,2 hr 13 min,action adventure sci-fi,,,,,
76,ice age: dawn of the dinosaurs,"$886,686,817",2009,"when sid's attempt to adopt three dinosaur eggs gets him abducted by their real mother to an underground lost world, his friends attempt to rescue him.","june 29, 2009 (uruguay)",pg,1 hr 34 min,adventure animation comedy family,english,carlos saldanha,"john c. donkin, lori forte","michael berg, peter ackerman, mike reiss, yoni brenner","twentieth century fox, blue sky studios"
71,bohemian rhapsody,"$910,809,311",2018,the story of the legendary british rock band,"october 26, 2018 (united kingdom)",pg-13,2 hr 14 min,biography drama music,english,bryan singer,"graham king, jim beach, peter oberth",anthony mccarten,"queen films, 20th century fox, new regency, gk films"
66,minions: the rise of gru,"$940,203,765",2022,the untold story of one twelve-year-old's dream to become the world's greatest supervillain.,"june 23, 2022 (australia)",pg,1 hr 27 min,adventure animation comedy crime family sci-fi,english,kyle balda,"christopher meledandri, janet healy, chris renaud",matthew fogel,"universal pictures, illumination entertainment"
73,harry potter and the goblet of fire,"$897,048,648",2005,"harry potter finds himself competing in a hazardous tournament between rival schools of magic, but he is distracted by recurring nightmares.","november 16, 2005 (united arab emirates)",pg-13,2 hr 37 min,adventure family fantasy mystery,english,mike newell,david heyman,"steve kloves, j.k. rowling","1492 pictures, warner bros., heyday films"
74,spider-man 3,"$894,983,373",2007,"a strange black entity from another world bonds with peter parker and causes inner turmoil as he contends with new villains, temptations, and revenge.","may 1, 2007 (18 markets)",pg-13,2 hr 19 min,action adventure sci-fi,english,sam raimi,"avi arad, grant curtis, laura ziskin","ivan raimi, sam raimi, alvin sargent",sony pictures entertainment
69,shrek 2,"$928,961,330",2004,"shrek and fiona travel to the kingdom of far far away, where fiona's parents are king and queen, to celebrate their marriage. when they arrive, they find they are not as welcome as they thought they would be.","may 19, 2004 (domestic)",pg,1 hr 33 min,adventure animation comedy family fantasy romance,english,"andrew adamson, kelly asbury, conrad vernon","aron warner, david lipman, john h. williams","andrew adamson, j. david stem, joe stillman, david n. weiss, william steig","dreamworks skg, pacific data images (pdi)"
70,harry potter and the chamber of secrets,"$926,201,000",2002,an ancient prophecy seems to be coming true when a mysterious presence begins stalking the corridors of a school of magic and leaving its victims paralyzed.,"november 14, 2002 (emea)",pg,2 hr 41 min,adventure family fantasy mystery,english,chris columbus,david heyman,"steve kloves, j.k. rowling","1492 pictures, heyday films"
68,harry potter and the half-blood prince,"$934,770,304",2009,"as harry potter begins his sixth year at hogwarts, he discovers an old book marked as ""the property of the half-blood prince"" and begins to learn more about lord voldemort's dark past.","july 15, 2009 (19 markets)",pg,2 hr 33 min,action adventure family fantasy mystery,,,,,
63,oppenheimer,"$952,042,355",2023,the story of american scientist,"july 19, 2023 (apac, emea)",r,3 hr,biography drama history,,,,,
62,doctor strange in the multiverse of madness,"$955,775,804",2022,"doctor strange teams up with a mysterious teenage girl from his dreams who can travel across multiverses, to battle multiple threats, including other-universe versions of himself, which threaten to wipe out millions across the multiverse. they seek help from wanda the scarlet witch, wong and others.","may 4, 2022 (emea, apac)",pg-13,2 hr 6 min,action adventure fantasy horror sci-fi,english,sam raimi,kevin feige,michael waldron,marvel studios
67,harry potter and the order of the phoenix,"$939,288,806",2007,"with their warning about lord voldemort's return scoffed at, harry and dumbledore are targeted by the wizard authorities as an authoritarian bureaucrat slowly seizes power at hogwarts.","july 11, 2007 (18 markets)",pg-13,2 hr 18 min,action adventure family fantasy mystery,english,david yates,"david heyman, david barron",michael goldenberg,"warner bros., heyday films"
65,finding nemo,"$941,637,960",2003,"after his son is captured in the great barrier reef and taken to sydney, a timid clownfish sets out on a journey to bring him home.","may 30, 2003 (domestic)",,1 hr 40 min,adventure animation comedy family,english,andrew stanton,graham walters,"andrew stanton, andrew stanton, bob peterson, david reynolds",pixar animation studios
64,the lord of the rings: the two towers,"$948,945,489",2002,"while frodo and sam edge closer to mordor with the help of the shifty gollum, the divided fellowship makes a stand against sauron's new ally, saruman, and his hordes of isengard.","december 18, 2002 (16 markets)",pg-13,2 hr 59 min,action adventure drama fantasy,english,peter jackson,"peter jackson, barrie m. osborne, fran walsh, eric monette","peter jackson, philippa boyens, fran walsh, stephen sinclair, j.r.r. tolkien","new line cinema, saul zaentz company"
58,the jungle book,"$967,724,775",2016,"after a threat from the tiger shere khan forces him to flee the jungle, a man-cub named mowgli embarks on a journey of self discovery with the help of panther bagheera and free-spirited bear baloo.","april 7, 2016 (latam, apac)",pg,1 hr 46 min,action adventure animation drama family fantasy musical,english,wolfgang reitherman,walt disney,,walt disney productions
54,jumanji: welcome to the jungle,"$995,339,117",2017,"four teenagers are sucked into a magical video game, and the only way they can escape is to work together to finish the game.","december 20, 2017 (8 markets)",pg-13,1 hr 59 min,action adventure comedy fantasy,english,jake kasdan,"matthew tolmach, william teitler","chris mckenna, erik sommers, scott rosenberg, jeff pinkner","seven bucks productions, columbia pictures, radar pictures, matt tolmach productions"
61,the hobbit: the desolation of smaug,"$959,027,992",2013,"the dwarves, along with bilbo baggins and gandalf the grey, continue their quest to reclaim erebor, their homeland, from smaug. bilbo baggins is in possession of a mysterious and magical ring.","december 11, 2013 (apac, emea)",pg-13,2 hr 41 min,adventure drama fantasy,english,peter jackson,"carolynne cunningham, zane weiner, fran walsh, peter jackson","fran walsh, philippa boyens, peter jackson, guillermo del toro","metro-goldwyn-mayer (mgm), wingnut films, new line cinema"
59,the hobbit: the battle of the five armies,"$962,201,338",2014,bilbo and company are forced to engage in a war against an array of combatants and keep the lonely mountain from falling into the hands of a rising darkness.,"december 10, 2014 (emea)",pg-13,2 hr 24 min,adventure fantasy,english,peter jackson,"carolynne cunningham, zane weiner, fran walsh, peter jackson, eric monette","fran walsh, philippa boyens, peter jackson, guillermo del toro","3foot7, new line cinema, metro-goldwyn-mayer (mgm), wingnut films"
53,jurassic world dominion,"$1,001,978,080",2022,"four years after the destruction of isla nublar, biosyn operatives attempt to track down maisie lockwood, while dr ellie sattler investigates a genetically engineered swarm of giant insects.","june 1, 2022 (south korea)",pg-13,2 hr 27 min,action adventure sci-fi thriller,english,colin trevorrow,"frank marshall, patrick crowley","emily carmichael, colin trevorrow","universal pictures, perfect world pictures, amblin entertainment"
60,pirates of the caribbean: at world's end,"$961,691,209",2007,"captain barbossa, will turner and elizabeth swann must sail off the edge of the map, navigate treachery and betrayal, find jack sparrow, and make their final alliances for one last decisive battle.","may 22, 2007 (finland)",pg-13,2 hr 49 min,action adventure fantasy,,,,,
56,despicable me 2,"$970,766,005",2013,"when gru, the world's most super-bad turned super-dad has been recruited by a team of officials to stop lethal muscle and a host of gru's own, he has to fight back with new gadgetry, cars, and more minion madness.","june 20, 2013 (australia)",pg,1 hr 38 min,adventure animation comedy crime family sci-fi,english,"chris renaud, pierre coffin","christopher meledandri, janet healy","cinco paul, ken daurio",chris meledandri
55,harry potter and the deathly hallows: part 1,"$972,584,232",2010,"as harry, ron and hermione race against time and evil to destroy the horcruxes, they uncover the existence of the three most powerful objects in the wizarding world: the deathly hallows.","november 17, 2010 (apac, emea)",pg-13,2 hr 26 min,adventure family fantasy mystery,english,david yates,"david heyman, david barron, j.k. rowling",steve kloves,"warner bros., heyday films"
49,zootopia,"$1,025,521,689",2016,"in a city of anthropomorphic animals, a rookie bunny cop and a cynical con artist fox must work together to uncover a conspiracy.","february 10, 2016 (belgium)",pg,1 hr 48 min,adventure animation comedy crime family mystery,english,"byron howard, rich moore",clark spencer,"jared bush, phil johnston",walt disney animation studios
52,the hobbit: an unexpected journey,"$1,017,030,651",2012,"a reluctant hobbit, bilbo baggins, sets out to the lonely mountain with a spirited group of dwarves to reclaim their mountain home, and the gold within it from the dragon smaug.","december 12, 2012 (emea, apac)",pg-13,2 hr 49 min,adventure fantasy,english,peter jackson,"carolynne cunningham, zane weiner, fran walsh, peter jackson","fran walsh, philippa boyens, peter jackson, guillermo del toro",wingnut films
46,finding dory,"$1,029,266,989",2016,friendly but forgetful blue tang dory begins a search for her long-lost parents and everyone learns a few things about the real meaning of family along the way.,"june 15, 2016 (philippines)",pg,1 hr 37 min,adventure animation comedy family,english,andrew stanton,lindsey collins,"andrew stanton, victoria strouse","pixar animation studios, walt disney pictures"
51,harry potter and the sorcerer's stone,"$1,024,264,477",2001,"an orphaned boy enrolls in a school of wizardry, where he learns the truth about himself, his family and the terrible evil that haunts the magical world.","november 16, 2001 (3 markets)",pg,2 hr 32 min,adventure family fantasy,,,,,
48,star wars: episode i - the phantom menace,"$1,027,082,707",1999,"two jedi escape a hostile blockade to find allies and come across a young boy who may bring balance to the force, but the long dormant sith resurface to claim their original glory.","may 19, 1999 (domestic)",pg,2 hr 16 min,action adventure fantasy sci-fi,english,george lucas,rick mccallum,george lucas,lucasfilm ltd.
45,despicable me 3,"$1,034,800,131",2017,"gru meets his long-lost, charming, cheerful, and more successful twin brother dru, who wants to team up with him for one last criminal heist.","june 14, 2017 (philippines)",pg,1 hr 29 min,adventure animation comedy crime family sci-fi,english,"pierre coffin, kyle balda","christopher meledandri, janet healy","cinco paul, ken daurio",chris meledandri
43,aladdin,"$1,054,304,000",2019,a kind-hearted street urchin and a power-hungry grand vizier vie for a magic lamp that has the power to make their deepest wishes come true.,"may 22, 2019 (apac, emea)",pg,2 hr 8 min,adventure comedy family fantasy musical romance,english,guy ritchie,"dan lin, jonathan eirich","john august, guy ritchie",rideback
50,alice in wonderland,"$1,025,468,216",2010,"nineteen-year-old alice returns to the magical world from her childhood adventure, where she reunites with her old friends and learns of her true destiny: to end the red queen's reign of terror.","march 3, 2010 (emea)",pg,1 hr 48 min,adventure family fantasy mystery,portuguese (brazil),"robson lima, everton rodrigues",,,
47,the dark knight,"$1,029,266,147",2008,"when the menace known as the joker wreaks havoc and chaos on the people of gotham, batman must accept one of the greatest psychological and physical tests of his ability to fight injustice.","july 16, 2008 (taiwan)",pg-13,2 hr 32 min,action crime drama thriller,english,christopher nolan,"emma thomas, charles roven, christopher nolan","jonathan nolan, christopher nolan",syncopy
42,rogue one: a star wars story,"$1,058,682,142",2016,"in a time of conflict, a group of unlikely heroes band together on a mission to steal the plans to the death star, the empire's ultimate weapon of destruction.","december 14, 2016 (emea)",pg-13,2 hr 13 min,action adventure sci-fi,english,gareth edwards,"kathleen kennedy, allison shearmur, simon emanuel","chris weitz, tony gilroy",lucasfilm ltd.
38,star wars: episode ix - the rise of skywalker,"$1,077,022,372",2019,"in the riveting conclusion of the landmark skywalker saga, new legends will be born-and the final battle for freedom is yet to come.","december 18, 2019 (13 markets)",pg-13,2 hr 21 min,action adventure fantasy sci-fi,,,,,
39,toy story 4,"$1,073,841,394",2019,"when a new toy called ""forky"" joins woody and the gang, a road trip alongside old and new friends reveals how big the world can be for a toy.","june 20, 2019 (24 markets)",g,1 hr 40 min,adventure animation comedy family fantasy,english,josh cooley,"mark nielsen, jonas rivera, galyn susman","andrew stanton, stephany folsom","pixar animation studios, walt disney pictures"
37,joker,"$1,078,958,282",2019,"during the 1980s, a failed stand-up comedian is driven insane and turns to a life of crime and chaos in gotham city while becoming an infamous psychopathic crime figure.","october 2, 2019 (apac, latam)",r,2 hr 2 min,crime drama thriller,russian,yuri kuzmenko,,"yuri pustovoy, yuri kuzmenko",
44,pirates of the caribbean: on stranger tides,"$1,046,721,266",2011,"jack sparrow and barbossa embark on a quest to find the elusive fountain of youth, only to discover that blackbeard and his daughter are after it too.","may 18, 2011 (16 markets)",pg-13,2 hr 17 min,action adventure fantasy,english,rob marshall,jerry bruckheimer,"ted elliott, terry rossio","walt disney pictures, jerry bruckheimer films"
34,jurassic park,"$1,114,429,886",1993,a pragmatic paleontologist touring an almost complete theme park on an island in central america is tasked with protecting a couple of kids after a power failure causes the park's cloned dinosaurs to run loose.,"june 11, 1993 (domestic)",pg-13,2 hr 7 min,action adventure sci-fi thriller,english,steven spielberg,"kathleen kennedy, gerald r. molen","michael crichton, michael crichton, david koepp, malia scotch marmo","universal pictures, amblin entertainment"
32,captain marvel,"$1,131,416,446",2019,carol danvers becomes one of the universe's most powerful heroes when earth is caught in the middle of a galactic war between two alien races.,"march 6, 2019 (emea, apac)",pg-13,2 hr 3 min,action adventure sci-fi,english,"anna boden, ryan fleck",kevin feige,"anna boden, ryan fleck, geneva robertson-dworet, jac schaeffer",marvel studios
41,pirates of the caribbean: dead man's chest,"$1,066,179,747",2006,"jack sparrow races to recover the heart of davy jones to avoid enslaving his soul to jones' service, as other friends and foes seek the heart for their own agenda as well.","july 6, 2006 (apac)",pg-13,2 hr 31 min,action adventure fantasy,,,,,
40,toy story 3,"$1,067,316,101",2010,"the toys are mistakenly delivered to a day-care center instead of the attic right before andy leaves for college, and it's up to woody to convince the other toys that they weren't abandoned and to return home.","june 16, 2010 (egypt)",,1 hr 43 min,adventure animation comedy family fantasy,english,lee unkrich,darla k. anderson,michael arndt,"pixar animation studios, walt disney animation"
24,the fate of the furious,"$1,236,005,118",2017,"when a mysterious woman seduces dominic toretto into the world of terrorism and a betrayal of those closest to him, the crew face trials that will test them as never before.","april 12, 2017 (9 markets)",pg-13,2 hr 16 min,action crime thriller,english,f. gary gray,"neal h. moritz, vin diesel, michael fottrell, chris morgan",chris morgan,"original film, one race films"
23,incredibles 2,"$1,243,225,667",2018,the incredibles family takes on a new mission which involves a change in family roles: bob parr (mr. incredible) must manage the house while his wife helen (elastigirl) goes out to save the world.,"june 14, 2018 (16 markets)",pg,1 hr 58 min,action adventure animation comedy family sci-fi,english,brad bird,"john walker, nicole paradis grindle",brad bird,"walt disney pictures, pixar animation studios"
36,transformers: age of extinction,"$1,104,054,072",2014,"when humanity allies with a bounty hunter in pursuit of optimus prime, the autobots turn to a mechanic and his family for help.","june 25, 2014 (apac, emea)",pg-13,2 hr 45 min,action adventure sci-fi,english,michael bay,"don murphy, tom desanto, lorenzo di bonaventura, ian bryce",ehren kruger,"di bonaventura pictures, ian bryce, tom desanto/don murphy"
21,jurassic world: fallen kingdom,"$1,310,466,296",2018,"when the island's dormant volcano begins roaring to life, owen and claire mount a campaign to rescue the remaining dinosaurs from this extinction-level event.","june 6, 2018 (emea, apac)",pg-13,2 hr 8 min,action adventure sci-fi,english,j. a. bayona,"frank marshall, belén atienza, patrick crowley","colin trevorrow, derek connolly","the kennedy/marshall company, universal pictures, perfect world pictures, amblin entertainment, legendary entertainment"
35,the dark knight rises,"$1,114,085,030",2012,"eight years after the joker's reign of chaos, batman is coerced out of exile with the assistance of the mysterious selina kyle in order to defend gotham city from the vicious guerrilla terrorist bane.","july 19, 2012 (apac, emea)",pg-13,2 hr 44 min,action drama thriller,english,christopher nolan,"emma thomas, christopher nolan, charles roven","jonathan nolan, christopher nolan",syncopy
20,star wars: episode viii - the last jedi,"$1,334,407,706",2017,"the star wars saga continues as new heroes and galactic legends go on an epic adventure, unlocking mysteries of the force and shocking revelations of the past.","december 13, 2017 (emea, apac)",pg-13,2 hr 32 min,action adventure fantasy sci-fi,,,,,
22,beauty and the beast,"$1,266,115,964",2017,"a selfish prince is cursed to become a monster for the rest of his life, unless he learns to fall in love with a beautiful young woman he keeps prisoner.","march 16, 2017 (24 markets)",pg,2 hr 9 min,adventure family fantasy musical romance,english,diane eskenazi,,,golden films
19,black panther,"$1,349,926,083",2018,"t'challa, heir to the hidden but advanced kingdom of wakanda, must step forward to lead his people into a new future and must confront a challenger from his country's past.","february 13, 2018 (apac, emea)",pg-13,2 hr 14 min,action adventure sci-fi,,ian merrick,,,
33,transformers: dark of the moon,"$1,123,794,079",2011,"the autobots learn of a cybertronian spacecraft hidden on the moon, and race against the decepticons to reach it and to learn its secrets.","june 29, 2011 (28 markets)",pg-13,2 hr 34 min,action adventure sci-fi,english,michael bay,"lorenzo di bonaventura, tom desanto, don murphy, ian bryce",ehren kruger,"don murphy/tom desanto, ian bryce, di bonaventura pictures"
17,the super mario bros. movie,"$1,361,939,570",2023,"a plumber named mario travels through an underground labyrinth with his brother luigi, trying to save a captured princess.","april 5, 2023 (18 markets)",pg,1 hr 32 min,adventure animation comedy family fantasy,english,"aaron horvath, michael jelenic","christopher meledandri, shigeru miyamoto",matthew fogel,"illumination entertainment, universal pictures, nintendo"
14,barbie,"$1,441,828,022",2023,barbie suffers a crisis that leads her to question her world and her existence.,"july 19, 2023 (apac, emea)",pg-13,1 hr 54 min,adventure comedy fantasy,english,greta gerwig,"david heyman, margot robbie, tom ackerley, robbie brenner","greta gerwig, noah baumbach","nb/gg pictures, heyday films, luckychap entertainment, mattel"
12,top gun: maverick,"$1,495,696,292",2022,"after thirty years, maverick is still pushing the envelope as a top naval aviator, but must confront ghosts of his past when he leads top gun's elite graduates on a mission that demands the ultimate sacrifice from those chosen to fly it.","may 20, 2022 (iceland)",pg-13,2 hr 10 min,action drama,english,joseph kosinski,"jerry bruckheimer, tom cruise, david ellison, christopher mcquarrie","ehren kruger, eric warren singer, christopher mcquarrie","don simpson/jerry bruckheimer films, paramount pictures, jerry bruckheimer films, skydance media"
13,frozen ii,"$1,453,683,476",2019,"anna, elsa, kristoff, olaf and sven leave arendelle to travel to an ancient, autumn-bound forest of an enchanted land. they set out to find the origin of elsa's powers in order to save their kingdom.","november 20, 2019 (apac, emea)",pg,1 hr 43 min,adventure animation comedy drama family fantasy musical,english,"chris buck, jennifer lee",peter del vecho,jennifer lee,"walt disney animation, walt disney pictures"
16,frozen,"$1,397,042,530",2013,"when the newly crowned queen elsa accidentally uses her power to turn things into ice to curse her home in infinite winter, her sister anna teams up with a mountain man, his playful reindeer, and a snowman to change the weather condition.","november 22, 2013 (domestic)",pg,1 hr 42 min,adventure animation comedy family fantasy musical,,wang xiaoshuai,"kei shu, xu wei","wang xiaoshuai, ming pang",
18,harry potter and the deathly hallows: part 2,"$1,356,841,356",2011,"harry, ron, and hermione search for voldemort's remaining horcruxes in their effort to destroy the dark lord as the final battle rages on at hogwarts.","july 13, 2011 (apac, emea)",pg-13,2 hr 10 min,adventure family fantasy mystery,english,david yates,"david heyman, david barron, j.k. rowling",steve kloves,"heyday films, moving picture company, warner bros."
15,avengers: age of ultron,"$1,405,018,048",2015,"when tony stark and bruce banner try to jump-start a dormant peacekeeping program called ultron, things go horribly wrong and it's up to earth's mightiest heroes to stop the villainous ultron from enacting his terrible plan.","april 22, 2015 (apac, emea)",pg-13,2 hr 21 min,action adventure sci-fi,english,joss whedon,kevin feige,joss whedon,marvel studios
10,the avengers,"$1,520,538,536",2012,earth's mightiest heroes must come together and learn to fight as a team if they are going to stop the mischievous loki and his alien army from enslaving humanity.,"april 25, 2012 (emea, apac)",pg-13,2 hr 23 min,action sci-fi,,,,,
11,furious 7,"$1,515,341,399",2015,deckard shaw seeks revenge against dominic toretto and his family for his comatose brother.,"april 1, 2015 (15 markets)",pg-13,2 hr 17 min,action crime thriller,english,james wan,"neal h. moritz, vin diesel, michael fottrell",chris morgan,original film
